                  epoch,         train/box_loss,         train/cls_loss,         train/dfl_loss,   metrics/precision(B),      metrics/recall(B),       metrics/mAP50(B),    metrics/mAP50-95(B),           val/box_loss,           val/cls_loss,           val/dfl_loss,                 lr/pg0,                 lr/pg1,                 lr/pg2
                      1,                0.93796,                 2.2302,                 1.3692,                0.54184,                0.59213,                0.57589,                0.43262,                 0.8349,                 1.2512,                 1.2731,               0.003318,               0.003318,               0.003318
                      2,                0.86703,                 1.3363,                 1.2847,                0.56341,                0.51371,                 0.5232,                0.37691,                  0.998,                 1.4374,                 1.4599,              0.0066382,              0.0066382,              0.0066382
                      3,                0.99364,                 1.4265,                  1.385,                0.38834,                0.42392,                0.34444,                0.23484,                 1.1562,                  2.448,                 1.6741,              0.0099452,              0.0099452,              0.0099452
                      4,                 1.1087,                 1.5906,                   1.48,                0.42414,                0.45198,                0.42534,                0.28506,                 1.1607,                 1.7675,                 1.6647,              0.0099406,              0.0099406,              0.0099406
                      5,                 1.1082,                 1.5531,                 1.4947,                0.55415,                0.42104,                0.43552,                0.28832,                 1.1723,                 1.7814,                 1.6812,              0.0099406,              0.0099406,              0.0099406
                      6,                  1.086,                 1.5115,                 1.4714,                0.46439,                0.49858,                0.47741,                0.32278,                 1.1302,                 1.5653,                 1.6263,              0.0099208,              0.0099208,              0.0099208
                      7,                 1.0621,                 1.4397,                  1.447,                0.51657,                0.47928,                0.48078,                0.32543,                 1.1225,                 1.5109,                 1.6038,               0.009901,               0.009901,               0.009901
                      8,                 1.0416,                 1.4062,                 1.4405,                0.54823,                0.57673,                0.57386,                0.39897,                 1.0697,                  1.302,                 1.5348,              0.0098812,              0.0098812,              0.0098812
                      9,                 1.0185,                  1.361,                 1.4268,                0.56643,                0.57852,                0.59094,                0.40335,                 1.0605,                 1.2963,                 1.5162,              0.0098614,              0.0098614,              0.0098614
                     10,                  1.002,                 1.3212,                 1.4076,                0.66723,                0.54762,                0.59898,                 0.4266,                 0.9977,                  1.218,                 1.4777,              0.0098416,              0.0098416,              0.0098416
                     11,                0.98076,                 1.2932,                 1.3898,                0.57918,                 0.6144,                0.62721,                0.45668,                0.97096,                 1.1442,                 1.4427,              0.0098218,              0.0098218,              0.0098218
                     12,                0.96166,                 1.2558,                 1.3748,                0.53268,                0.51542,                0.52927,                0.36615,                 1.1221,                 1.3945,                 1.5943,               0.009802,               0.009802,               0.009802
                     13,                0.94653,                 1.2423,                 1.3692,                0.68221,                0.59458,                0.61212,                0.43761,                0.92553,                 1.2032,                 1.4212,              0.0097822,              0.0097822,              0.0097822
                     14,                0.96105,                 1.2086,                 1.3657,                0.64766,                0.61568,                0.62384,                0.44095,                0.96692,                 1.1401,                 1.4398,              0.0097624,              0.0097624,              0.0097624
                     15,                0.94142,                 1.1971,                  1.365,                0.60841,                0.62235,                 0.6435,                0.47074,                0.92995,                 1.1053,                 1.4093,              0.0097426,              0.0097426,              0.0097426
                     16,                0.92209,                 1.1539,                  1.343,                0.67309,                0.61354,                0.66651,                0.48652,                0.91194,                 1.0586,                 1.3881,              0.0097228,              0.0097228,              0.0097228
                     17,                0.89785,                 1.1158,                 1.3336,                0.69247,                0.63249,                0.68047,                0.51305,                0.87663,                 1.0003,                 1.3559,               0.009703,               0.009703,               0.009703
                     18,                0.90259,                 1.1283,                 1.3262,                0.68931,                0.65565,                0.68726,                0.51019,                 0.8915,                0.99154,                 1.3715,              0.0096832,              0.0096832,              0.0096832
                     19,                0.88325,                  1.092,                 1.3269,                0.76535,                0.61104,                0.69681,                0.52769,                0.85449,                0.96764,                 1.3438,              0.0096634,              0.0096634,              0.0096634
                     20,                0.88045,                 1.0764,                 1.3206,                0.68807,                0.65325,                0.69415,                0.51701,                0.87368,                0.96323,                 1.3392,              0.0096436,              0.0096436,              0.0096436
                     21,                0.88406,                 1.0855,                 1.3111,                0.70373,                0.63508,                0.67409,                0.50407,                0.87746,                0.97964,                 1.3398,              0.0096238,              0.0096238,              0.0096238
                     22,                0.86919,                 1.0614,                 1.3145,                0.72023,                0.63383,                0.69734,                0.51889,                0.85856,                0.95766,                 1.3351,               0.009604,               0.009604,               0.009604
                     23,                0.86292,                 1.0241,                 1.2995,                0.64843,                0.66269,                0.68936,                0.51387,                 0.9077,                0.97822,                 1.3477,              0.0095842,              0.0095842,              0.0095842
                     24,                0.85067,                 1.0037,                 1.2852,                0.71592,                0.68286,                 0.7133,                0.53572,                0.84777,                0.91203,                 1.3218,              0.0095644,              0.0095644,              0.0095644
                     25,                0.84702,                 1.0237,                  1.282,                  0.731,                0.64815,                0.69551,                0.52718,                0.87277,                0.97617,                 1.3594,              0.0095446,              0.0095446,              0.0095446
                     26,                0.84084,                0.97466,                 1.2902,                0.76155,                0.62729,                0.69361,                0.52293,                0.85952,                0.95389,                  1.329,              0.0095248,              0.0095248,              0.0095248
                     27,                0.83588,                0.98234,                 1.2913,                0.69178,                0.66074,                0.69525,                0.53159,                0.84794,                0.91573,                 1.3327,               0.009505,               0.009505,               0.009505
                     28,                0.82102,                0.96751,                 1.2788,                0.72916,                0.69931,                0.72949,                0.55884,                0.81635,                0.89806,                 1.3004,              0.0094852,              0.0094852,              0.0094852
                     29,                0.81885,                0.94737,                 1.2664,                0.70713,                0.68351,                0.72217,                0.56382,                0.81538,                0.86326,                 1.2899,              0.0094654,              0.0094654,              0.0094654
                     30,                0.81684,                 0.9458,                 1.2687,                 0.6875,                0.69034,                0.70138,                   0.55,                0.82061,                0.92289,                 1.3063,              0.0094456,              0.0094456,              0.0094456
                     31,                0.80029,                0.92615,                 1.2605,                0.75926,                0.67624,                0.72788,                0.55863,                0.82421,                0.86567,                 1.3076,              0.0094258,              0.0094258,              0.0094258
                     32,                0.80648,                0.91113,                 1.2579,                0.75543,                0.65666,                 0.7396,                0.56777,                0.81666,                0.85881,                 1.2893,               0.009406,               0.009406,               0.009406
                     33,                0.79224,                0.92001,                  1.241,                0.69593,                0.68557,                0.71346,                0.54049,                0.82588,                0.89806,                 1.3022,              0.0093862,              0.0093862,              0.0093862
                     34,                0.79695,                0.91165,                 1.2492,                0.68779,                0.69753,                0.71625,                0.54369,                0.84219,                 0.8555,                  1.322,              0.0093664,              0.0093664,              0.0093664
                     35,                0.78802,                0.89425,                 1.2429,                0.77189,                0.68428,                 0.7379,                0.57285,                0.81325,                0.83746,                 1.2961,              0.0093466,              0.0093466,              0.0093466
                     36,                0.78734,                0.88036,                 1.2382,                0.75464,                0.66863,                0.73949,                0.56955,                 0.8235,                0.84644,                 1.3024,              0.0093268,              0.0093268,              0.0093268
                     37,                0.78476,                0.88308,                 1.2421,                0.71853,                0.67403,                0.73777,                0.56392,                0.82806,                0.84875,                 1.3133,               0.009307,               0.009307,               0.009307
                     38,                0.77382,                0.86864,                 1.2438,                0.72729,                0.69656,                0.73587,                 0.5724,                0.81686,                 0.8512,                 1.3068,              0.0092872,              0.0092872,              0.0092872
                     39,                0.77043,                0.86208,                 1.2457,                0.79673,                0.65465,                0.74606,                0.57962,                0.79419,                0.84784,                 1.2758,              0.0092674,              0.0092674,              0.0092674
                     40,                0.76537,                0.84122,                 1.2284,                0.77059,                0.65945,                0.71889,                0.55462,                0.81913,                0.85275,                 1.2995,              0.0092476,              0.0092476,              0.0092476
                     41,                0.75937,                0.83416,                 1.2291,                0.73475,                0.70414,                0.73175,                0.57048,                0.81051,                0.84847,                 1.2833,              0.0092278,              0.0092278,              0.0092278
                     42,                0.75459,                0.81834,                 1.2114,                0.77021,                0.68001,                0.74806,                0.58297,                 0.8119,                 0.8292,                 1.2858,               0.009208,               0.009208,               0.009208
                     43,                0.74648,                0.80788,                 1.2113,                0.76068,                0.65348,                0.74228,                0.57695,                0.79839,                0.83018,                 1.2704,              0.0091882,              0.0091882,              0.0091882
                     44,                  0.744,                0.79949,                 1.2048,                0.77203,                0.68856,                0.75463,                0.59214,                0.80209,                0.81153,                 1.2901,              0.0091684,              0.0091684,              0.0091684
                     45,                 0.7347,                0.78793,                 1.2083,                 0.7473,                0.64782,                0.72005,                0.56233,                0.80483,                0.87026,                 1.2795,              0.0091486,              0.0091486,              0.0091486
                     46,                0.73402,                0.78302,                 1.2117,                0.75516,                0.68274,                0.74927,                0.58281,                0.79849,                0.82639,                  1.286,              0.0091288,              0.0091288,              0.0091288
                     47,                0.73363,                0.79441,                 1.2119,                0.74781,                0.68109,                0.73431,                0.57691,                  0.801,                0.84622,                 1.2759,               0.009109,               0.009109,               0.009109
                     48,                0.74911,                0.79453,                 1.2071,                 0.6844,                0.71655,                 0.7356,                0.56727,                 0.8089,                0.84313,                 1.2893,              0.0090892,              0.0090892,              0.0090892
                     49,                0.72768,                0.75601,                 1.2055,                0.75067,                0.69033,                0.74591,                0.59075,                0.78599,                0.81271,                 1.2726,              0.0090694,              0.0090694,              0.0090694
                     50,                0.73527,                0.76223,                 1.2028,                0.74369,                0.72404,                0.75173,                 0.5819,                0.80132,                0.79916,                 1.2946,              0.0090496,              0.0090496,              0.0090496
                     51,                0.71714,                0.75536,                 1.1998,                0.70904,                 0.6824,                0.73201,                0.57006,                0.79858,                0.84488,                  1.284,              0.0090298,              0.0090298,              0.0090298
                     52,                0.72718,                0.75155,                 1.2038,                0.74497,                0.67812,                0.73552,                 0.5764,                0.78919,                 0.8194,                 1.2829,                0.00901,                0.00901,                0.00901
                     53,                0.71817,                0.74479,                 1.1929,                0.73483,                 0.6811,                0.74643,                 0.5857,                0.79172,                 0.8056,                 1.2837,              0.0089902,              0.0089902,              0.0089902
                     54,                0.71358,                0.74139,                  1.193,                0.78747,                0.68959,                 0.7531,                0.59218,                 0.7934,                0.79093,                 1.2778,              0.0089704,              0.0089704,              0.0089704
                     55,                0.70506,                0.72201,                 1.1772,                0.74265,                0.69553,                0.73777,                0.58254,                0.79258,                0.79606,                 1.2879,              0.0089506,              0.0089506,              0.0089506
                     56,                0.71863,                0.72782,                    1.2,                0.73807,                0.67702,                0.73958,                0.58292,                0.80318,                0.83356,                 1.2741,              0.0089308,              0.0089308,              0.0089308
                     57,                0.71386,                0.71824,                 1.1962,                0.77251,                0.67927,                0.73712,                0.57455,                  0.798,                 0.8051,                 1.2895,               0.008911,               0.008911,               0.008911
                     58,                 0.7124,                0.70374,                 1.1909,                0.70069,                0.72334,                 0.7411,                  0.586,                0.79549,                 0.8184,                  1.276,              0.0088912,              0.0088912,              0.0088912
                     59,                0.69266,                0.70282,                 1.1835,                0.72864,                0.71193,                0.74411,                0.58887,                0.79157,                0.81958,                 1.2752,              0.0088714,              0.0088714,              0.0088714
                     60,                0.69363,                0.69512,                 1.1805,                0.75754,                0.73026,                0.76845,                0.60051,                0.79948,                0.78078,                 1.2817,              0.0088516,              0.0088516,              0.0088516
                     61,                 0.7047,                0.69098,                 1.1901,                 0.7864,                0.70999,                0.76554,                0.60147,                0.79751,                0.77867,                 1.2766,              0.0088318,              0.0088318,              0.0088318
                     62,                0.69673,                0.69515,                 1.1757,                0.73028,                0.70171,                0.74828,                0.59279,                0.78732,                0.83124,                 1.2735,               0.008812,               0.008812,               0.008812
                     63,                0.68826,                0.70055,                   1.18,                0.73954,                0.67484,                0.73427,                0.57756,                0.79878,                0.81638,                 1.2782,              0.0087922,              0.0087922,              0.0087922
                     64,                0.68334,                0.67929,                 1.1713,                0.76703,                0.68136,                0.74283,                0.58548,                0.79652,                0.81784,                 1.2691,              0.0087724,              0.0087724,              0.0087724
                     65,                0.69928,                0.68437,                 1.1751,                0.78141,                 0.6852,                0.75344,                0.58975,                 0.8029,                0.78131,                 1.2906,              0.0087526,              0.0087526,              0.0087526
                     66,                0.68224,                0.68022,                 1.1642,                0.78871,                0.67845,                0.74104,                0.58373,                0.80191,                 0.7987,                 1.2823,              0.0087328,              0.0087328,              0.0087328
                     67,                0.68018,                0.66783,                 1.1633,                0.80049,                0.64441,                0.74647,                0.58492,                0.79671,                0.79319,                 1.2838,               0.008713,               0.008713,               0.008713
                     68,                0.68021,                0.66203,                 1.1581,                0.76514,                0.68392,                0.74485,                0.58674,                0.80864,                0.79549,                   1.29,              0.0086932,              0.0086932,              0.0086932
                     69,                0.67396,                0.63913,                 1.1519,                0.77187,                0.71834,                0.76251,                0.60326,                0.79461,                0.80703,                 1.2763,              0.0086734,              0.0086734,              0.0086734
                     70,                 0.6634,                0.64579,                 1.1463,                0.76736,                0.66742,                0.73993,                0.58333,                0.79497,                0.81016,                 1.3061,              0.0086536,              0.0086536,              0.0086536
                     71,                0.66447,                0.63953,                 1.1602,                0.77382,                0.66684,                 0.7416,                 0.5868,                 0.7966,                0.81898,                 1.2917,              0.0086338,              0.0086338,              0.0086338
                     72,                0.67546,                0.63557,                 1.1513,                0.75525,                0.67778,                0.74893,                 0.5947,                0.78981,                0.81827,                 1.2589,               0.008614,               0.008614,               0.008614
                     73,                0.65907,                0.62749,                 1.1457,                 0.7949,                0.65688,                0.75938,                0.59787,                0.79975,                0.79143,                 1.2747,              0.0085942,              0.0085942,              0.0085942
                     74,                0.66432,                0.63263,                 1.1545,                0.75279,                0.70822,                0.75846,                0.60647,                0.76963,                0.77259,                 1.2645,              0.0085744,              0.0085744,              0.0085744
                     75,                0.64746,                0.62597,                 1.1434,                0.76407,                0.68691,                0.75619,                0.59876,                0.79787,                0.80497,                 1.2924,              0.0085546,              0.0085546,              0.0085546
                     76,                  0.658,                0.60709,                 1.1539,                0.78479,                0.69032,                0.76142,                0.60383,                0.79799,                0.76598,                 1.2873,              0.0085348,              0.0085348,              0.0085348
                     77,                0.65924,                0.61878,                 1.1503,                0.74379,                0.72189,                0.76014,                0.60039,                0.79133,                0.78668,                  1.283,               0.008515,               0.008515,               0.008515
                     78,                0.64497,                0.62012,                 1.1306,                0.79338,                0.67038,                0.74838,                0.59239,                0.79931,                0.78895,                 1.2852,              0.0084952,              0.0084952,              0.0084952
                     79,                0.64199,                0.59674,                 1.1405,                0.73678,                0.72395,                0.75778,                 0.6027,                0.78613,                0.79893,                 1.2781,              0.0084754,              0.0084754,              0.0084754
                     80,                0.64731,                0.61829,                 1.1341,                0.77647,                0.68004,                0.75339,                0.59792,                0.81152,                0.79067,                 1.2819,              0.0084556,              0.0084556,              0.0084556
                     81,                0.64738,                0.60257,                 1.1322,                0.77412,                0.70417,                0.76069,                0.60568,                0.78223,                0.75936,                 1.2694,              0.0084358,              0.0084358,              0.0084358
                     82,                0.64267,                0.61084,                 1.1323,                0.75863,                0.73159,                0.76084,                 0.6044,                 0.7899,                0.76867,                 1.2789,               0.008416,               0.008416,               0.008416
                     83,                0.63276,                0.58691,                 1.1253,                0.72753,                 0.7295,                0.75229,                0.59717,                0.78937,                0.78742,                 1.2838,              0.0083962,              0.0083962,              0.0083962
                     84,                0.64006,                0.58737,                 1.1328,                0.77509,                0.68207,                0.75745,                 0.6016,                0.78752,                0.78553,                 1.2769,              0.0083764,              0.0083764,              0.0083764
                     85,                0.63541,                0.57877,                 1.1339,                0.76368,                0.70688,                0.75489,                0.60209,                0.78349,                0.78336,                 1.2836,              0.0083566,              0.0083566,              0.0083566
                     86,                0.62922,                0.59254,                 1.1274,                0.72328,                0.71533,                0.74679,                0.58984,                0.77736,                0.77784,                 1.2729,              0.0083368,              0.0083368,              0.0083368
                     87,                0.62556,                 0.5884,                 1.1274,                 0.7633,                0.70302,                0.75577,                0.60517,                  0.792,                 0.8124,                 1.2818,               0.008317,               0.008317,               0.008317
                     88,                 0.6271,                0.58778,                 1.1222,                0.77697,                0.69335,                0.74985,                0.59873,                0.78447,                0.79203,                 1.2887,              0.0082972,              0.0082972,              0.0082972
                     89,                 0.6262,                 0.5733,                 1.1231,                0.76088,                0.71557,                 0.7525,                0.60076,                0.78894,                0.79281,                  1.285,              0.0082774,              0.0082774,              0.0082774
                     90,                  0.616,                0.56263,                 1.1156,                0.77214,                0.70473,                0.75811,                0.60427,                0.78169,                0.78238,                 1.2758,              0.0082576,              0.0082576,              0.0082576
                     91,                0.60957,                0.56789,                 1.1086,                0.76026,                0.71616,                0.75248,                0.60276,                0.77912,                0.78831,                 1.2865,              0.0082378,              0.0082378,              0.0082378
                     92,                0.60826,                0.56112,                 1.1145,                0.77218,                0.71932,                0.75936,                 0.6006,                0.78217,                0.78445,                 1.2753,               0.008218,               0.008218,               0.008218
                     93,                0.62474,                 0.5804,                 1.1255,                0.77755,                0.70566,                0.76014,                0.59789,                0.79009,                0.79455,                 1.2713,              0.0081982,              0.0081982,              0.0081982
                     94,                0.61325,                0.56161,                  1.117,                0.78119,                0.71241,                0.76731,                0.60827,                0.79259,                0.76841,                 1.2924,              0.0081784,              0.0081784,              0.0081784
                     95,                0.60594,                0.55233,                 1.1145,                0.73747,                0.72031,                0.75835,                0.60262,                0.79338,                 0.8124,                 1.2847,              0.0081586,              0.0081586,              0.0081586
                     96,                0.61494,                 0.5577,                 1.1063,                0.79938,                0.70485,                0.76502,                0.60403,                0.79177,                 0.7815,                 1.2736,              0.0081388,              0.0081388,              0.0081388
                     97,                0.60098,                0.55117,                 1.1085,                0.79172,                0.70699,                0.76225,                0.60145,                0.79095,                0.76697,                 1.2821,               0.008119,               0.008119,               0.008119
                     98,                0.59952,                0.54156,                 1.1059,                0.78482,                0.73938,                0.76428,                0.60679,                0.78436,                0.77328,                 1.2924,              0.0080992,              0.0080992,              0.0080992
                     99,                0.60555,                0.54934,                 1.1054,                0.77817,                0.71466,                0.76562,                0.61103,                0.77683,                0.78161,                 1.2735,              0.0080794,              0.0080794,              0.0080794
                    100,                0.60605,                0.54156,                    1.1,                0.77774,                0.70105,                0.75253,                0.60213,                0.78045,                0.80182,                 1.2668,              0.0080596,              0.0080596,              0.0080596
                    101,                0.60433,                 0.5451,                 1.1108,                0.78645,                0.69574,                0.76397,                0.60798,                0.78988,                0.78779,                 1.2872,              0.0080398,              0.0080398,              0.0080398
                    102,                0.59662,                0.53926,                 1.1026,                0.78696,                0.71825,                0.76423,                0.60078,                0.78741,                0.78106,                 1.2854,                0.00802,                0.00802,                0.00802
                    103,                0.59201,                0.53934,                 1.1059,                0.78224,                0.69497,                0.75404,                0.59872,                0.79483,                0.78823,                 1.2874,              0.0080002,              0.0080002,              0.0080002
                    104,                 0.5928,                0.52836,                  1.106,                0.77168,                  0.717,                0.75406,                0.59494,                0.79535,                0.80593,                 1.2948,              0.0079804,              0.0079804,              0.0079804
                    105,                0.58109,                0.52021,                 1.0936,                0.76142,                 0.7067,                0.76806,                0.60748,                0.78915,                0.79599,                 1.2958,              0.0079606,              0.0079606,              0.0079606
                    106,                0.58876,                0.52553,                 1.1074,                0.74006,                0.72988,                0.76742,                 0.6111,                0.78411,                0.77267,                  1.288,              0.0079408,              0.0079408,              0.0079408
                    107,                0.58355,                0.52989,                 1.1046,                0.81315,                0.68187,                0.75967,                0.60587,                0.77867,                0.76039,                 1.2785,               0.007921,               0.007921,               0.007921
                    108,                0.58522,                0.52851,                 1.0993,                0.76939,                0.71671,                0.77115,                0.61176,                0.77945,                0.76423,                 1.2696,              0.0079012,              0.0079012,              0.0079012
                    109,                0.57548,                0.52356,                 1.0949,                0.71759,                 0.7334,                0.75678,                0.60024,                0.78498,                0.75854,                 1.2867,              0.0078814,              0.0078814,              0.0078814
                    110,                0.57718,                0.52101,                 1.0938,                0.79445,                0.67121,                0.76168,                0.60949,                0.78429,                0.78225,                 1.2856,              0.0078616,              0.0078616,              0.0078616
                    111,                0.58367,                0.51471,                 1.0922,                0.80953,                0.66324,                0.74964,                0.59847,                0.77758,                  0.788,                 1.2784,              0.0078418,              0.0078418,              0.0078418
                    112,                0.57029,                 0.5148,                 1.0889,                 0.7809,                0.69957,                0.76276,                 0.6066,                0.79377,                0.77659,                 1.2888,               0.007822,               0.007822,               0.007822
                    113,                0.57168,                0.51112,                 1.0792,                0.72734,                0.72289,                0.75609,                0.60114,                0.79114,                0.79497,                 1.2813,              0.0078022,              0.0078022,              0.0078022
                    114,                0.56603,                0.51487,                  1.079,                0.76647,                 0.7022,                0.75201,                0.59529,                0.79748,                0.80343,                 1.2878,              0.0077824,              0.0077824,              0.0077824
                    115,                0.57016,                0.51203,                 1.0825,                0.74128,                0.70294,                0.74253,                0.58597,                0.79651,                0.83045,                 1.3015,              0.0077626,              0.0077626,              0.0077626
                    116,                0.56354,                0.50916,                 1.0874,                0.77767,                0.69096,                0.75104,                0.58948,                0.80313,                0.83654,                 1.3106,              0.0077428,              0.0077428,              0.0077428
                    117,                0.56227,                0.49924,                 1.0788,                0.80265,                0.68547,                0.76275,                0.60192,                0.80068,                0.79946,                 1.3133,               0.007723,               0.007723,               0.007723
                    118,                0.56543,                0.49719,                 1.0862,                0.77154,                0.71983,                0.75961,                0.60538,                0.79841,                0.78485,                 1.3096,              0.0077032,              0.0077032,              0.0077032
                    119,                0.55886,                0.48963,                 1.0844,                0.79148,                0.68697,                0.76364,                0.60847,                0.79019,                0.80077,                 1.3032,              0.0076834,              0.0076834,              0.0076834
                    120,                 0.5616,                 0.4921,                 1.0785,                0.79333,                0.66987,                0.75488,                0.59733,                0.79234,                0.79859,                 1.3098,              0.0076636,              0.0076636,              0.0076636
                    121,                0.56102,                0.49438,                 1.0817,                0.77218,                0.71415,                0.76168,                0.60472,                0.79618,                0.80271,                 1.2993,              0.0076438,              0.0076438,              0.0076438
                    122,                0.55235,                0.49446,                 1.0668,                0.76524,                0.70697,                 0.7539,                0.59645,                0.79151,                0.79264,                  1.298,               0.007624,               0.007624,               0.007624
                    123,                 0.5563,                0.48085,                 1.0787,                0.74918,                0.70265,                0.75633,                0.60167,                0.80008,                0.79955,                 1.3138,              0.0076042,              0.0076042,              0.0076042
                    124,                0.54926,                0.48264,                 1.0701,                0.75565,                0.71833,                0.76156,                0.60584,                0.78996,                0.77708,                 1.3147,              0.0075844,              0.0075844,              0.0075844
                    125,                0.56401,                0.50019,                 1.0812,                0.73478,                0.72333,                0.75797,                 0.6044,                0.79135,                0.79916,                 1.3064,              0.0075646,              0.0075646,              0.0075646
                    126,                0.55809,                0.49113,                 1.0671,                0.75033,                 0.7225,                 0.7659,                0.61128,                0.78635,                0.76325,                  1.282,              0.0075448,              0.0075448,              0.0075448
                    127,                 0.5457,                0.48272,                 1.0635,                0.77844,                 0.7165,                0.76925,                0.61088,                0.79214,                0.76475,                  1.296,               0.007525,               0.007525,               0.007525
                    128,                0.55197,                0.49225,                 1.0696,                0.81336,                0.69863,                 0.7637,                0.60397,                 0.7923,                0.78957,                 1.3017,              0.0075052,              0.0075052,              0.0075052
                    129,                0.54686,                0.47576,                 1.0723,                0.78331,                0.71647,                 0.7662,                0.60389,                0.79314,                0.78563,                 1.3048,              0.0074854,              0.0074854,              0.0074854
                    130,                 0.5431,                0.47071,                 1.0708,                0.73086,                0.73294,                0.75933,                0.60318,                0.79727,                0.79651,                  1.315,              0.0074656,              0.0074656,              0.0074656
                    131,                0.53839,                0.47704,                 1.0735,                 0.7213,                0.74412,                0.76662,                0.61335,                0.78822,                0.78379,                 1.3006,              0.0074458,              0.0074458,              0.0074458
                    132,                0.53905,                0.46558,                 1.0678,                0.73072,                0.72916,                0.75573,                0.60071,                0.79897,                 0.7977,                 1.3043,               0.007426,               0.007426,               0.007426
                    133,                0.53728,                0.45389,                 1.0524,                0.79404,                0.68003,                0.76597,                0.60791,                0.78655,                0.80581,                 1.2903,              0.0074062,              0.0074062,              0.0074062
                    134,                0.55566,                0.47438,                 1.0739,                0.72267,                0.73996,                 0.7616,                0.60698,                0.78603,                0.79544,                 1.2897,              0.0073864,              0.0073864,              0.0073864
                    135,                0.53658,                0.45461,                 1.0669,                0.73912,                0.72372,                0.75802,                0.60511,                0.78593,                0.80466,                 1.3019,              0.0073666,              0.0073666,              0.0073666
                    136,                0.54416,                0.46551,                 1.0731,                0.73874,                0.71984,                0.75609,                0.60413,                0.78134,                0.79744,                 1.2956,              0.0073468,              0.0073468,              0.0073468
                    137,                 0.5357,                0.45831,                 1.0644,                0.75638,                0.71168,                0.76381,                0.60657,                0.79171,                0.77104,                 1.3051,               0.007327,               0.007327,               0.007327
                    138,                0.53893,                0.45463,                 1.0619,                0.76022,                0.72836,                0.77602,                  0.617,                0.78681,                0.76271,                 1.2976,              0.0073072,              0.0073072,              0.0073072
                    139,                0.53021,                  0.455,                 1.0637,                0.77003,                0.71099,                0.77275,                0.61372,                0.78773,                0.76619,                 1.2957,              0.0072874,              0.0072874,              0.0072874
                    140,                0.53589,                0.45439,                 1.0567,                0.76866,                0.70272,                0.77384,                0.61567,                0.78991,                0.77167,                 1.3049,              0.0072676,              0.0072676,              0.0072676
                    141,                0.52572,                0.45257,                 1.0564,                0.75845,                0.71629,                0.76923,                0.61385,                0.79204,                0.77056,                 1.3074,              0.0072478,              0.0072478,              0.0072478
                    142,                0.52943,                0.45065,                 1.0479,                0.74818,                0.72487,                0.76438,                0.60878,                0.78895,                 0.7849,                 1.2978,               0.007228,               0.007228,               0.007228
                    143,                0.51833,                0.44907,                 1.0477,                0.76306,                0.71017,                0.76357,                0.60861,                0.78838,                0.78814,                  1.308,              0.0072082,              0.0072082,              0.0072082
                    144,                0.52575,                 0.4461,                  1.062,                 0.7864,                0.68083,                0.75537,                0.60523,                0.78564,                0.80055,                 1.3009,              0.0071884,              0.0071884,              0.0071884
                    145,                0.52419,                0.44837,                 1.0488,                 0.7464,                 0.7337,                0.76783,                0.61545,                0.78931,                0.78586,                  1.304,              0.0071686,              0.0071686,              0.0071686
                    146,                0.52182,                0.44369,                 1.0604,                 0.7743,                0.70955,                0.76402,                0.60954,                0.79319,                0.78871,                 1.3141,              0.0071488,              0.0071488,              0.0071488
                    147,                0.51892,                0.44288,                 1.0553,                0.79252,                0.69606,                0.76763,                0.61161,                0.79188,                0.78152,                 1.3219,               0.007129,               0.007129,               0.007129
                    148,                0.52369,                0.44954,                 1.0569,                0.75897,                0.71547,                0.76443,                0.60932,                 0.7964,                 0.7853,                  1.326,              0.0071092,              0.0071092,              0.0071092
                    149,                0.50838,                0.44309,                 1.0501,                0.75494,                0.74035,                 0.7706,                 0.6131,                0.79977,                0.78057,                 1.3224,              0.0070894,              0.0070894,              0.0070894
                    150,                0.51709,                 0.4327,                  1.054,                0.77245,                 0.7224,                0.76716,                0.60555,                 0.8006,                0.79327,                  1.325,              0.0070696,              0.0070696,              0.0070696
                    151,                0.51936,                0.45321,                 1.0586,                0.81195,                0.70277,                0.77068,                0.60931,                0.80548,                 0.7877,                  1.331,              0.0070498,              0.0070498,              0.0070498
                    152,                0.51313,                0.43242,                 1.0471,                0.79952,                0.71006,                0.76669,                0.60549,                0.80058,                0.78489,                  1.316,                0.00703,                0.00703,                0.00703
                    153,                0.51442,                0.43415,                 1.0502,                0.81422,                0.69345,                0.77287,                0.61289,                0.80121,                0.78546,                 1.3214,              0.0070102,              0.0070102,              0.0070102
                    154,                0.50819,                0.43973,                 1.0448,                0.76245,                0.72281,                0.77078,                0.61254,                0.80503,                0.78607,                 1.3273,              0.0069904,              0.0069904,              0.0069904
                    155,                0.49669,                0.42519,                 1.0364,                0.80921,                0.67195,                0.76884,                0.61281,                0.80715,                  0.784,                  1.337,              0.0069706,              0.0069706,              0.0069706
                    156,                0.50666,                0.42865,                 1.0453,                0.75078,                 0.7262,                0.76646,                0.60901,                0.80131,                0.79204,                 1.3256,              0.0069508,              0.0069508,              0.0069508
                    157,                 0.5034,                 0.4303,                  1.041,                0.76709,                0.72488,                0.76498,                0.60595,                0.79858,                 0.8074,                 1.3298,               0.006931,               0.006931,               0.006931
                    158,                 0.5063,                0.42903,                 1.0512,                0.75823,                 0.7348,                0.76678,                0.60614,                 0.7995,                 0.8141,                 1.3297,              0.0069112,              0.0069112,              0.0069112
                    159,                0.50841,                0.43707,                 1.0486,                 0.7844,                0.69056,                0.76242,                0.60429,                0.79145,                0.81372,                 1.3135,              0.0068914,              0.0068914,              0.0068914
                    160,                 0.4907,                0.42637,                  1.038,                 0.8065,                0.68913,                0.76217,                0.60827,                0.79587,                0.79754,                  1.319,              0.0068716,              0.0068716,              0.0068716
                    161,                0.49973,                0.42834,                 1.0393,                  0.817,                0.69251,                0.76084,                0.60708,                0.79144,                0.79692,                 1.3172,              0.0068518,              0.0068518,              0.0068518
                    162,                0.49296,                0.41835,                  1.029,                0.77875,                0.73252,                0.76962,                0.61318,                0.78718,                0.80231,                   1.32,               0.006832,               0.006832,               0.006832
                    163,                0.49729,                  0.421,                 1.0368,                0.74722,                0.72703,                0.76422,                0.60889,                0.79145,                0.81961,                 1.3263,              0.0068122,              0.0068122,              0.0068122
                    164,                 0.4975,                0.42222,                 1.0357,                0.76735,                0.70249,                0.76297,                0.60663,                0.79874,                0.81144,                 1.3384,              0.0067924,              0.0067924,              0.0067924
                    165,                0.49384,                0.41178,                 1.0366,                0.77718,                0.69623,                  0.755,                  0.604,                 0.7948,                0.80022,                 1.3405,              0.0067726,              0.0067726,              0.0067726
                    166,                0.50114,                0.43002,                 1.0412,                0.78763,                0.69287,                0.75925,                0.60767,                0.80082,                0.79557,                  1.341,              0.0067528,              0.0067528,              0.0067528
                    167,                0.48819,                0.42751,                 1.0364,                0.72762,                0.74444,                0.76637,                0.61337,                0.79646,                0.78986,                 1.3308,               0.006733,               0.006733,               0.006733
                    168,                0.49114,                 0.4119,                 1.0419,                0.78848,                0.69873,                0.76551,                0.61661,                0.78789,                0.79503,                 1.3223,              0.0067132,              0.0067132,              0.0067132
                    169,                0.48793,                0.40517,                 1.0349,                0.74951,                0.72871,                0.75831,                0.60964,                  0.796,                 0.7985,                 1.3389,              0.0066934,              0.0066934,              0.0066934
                    170,                0.49877,                0.42027,                 1.0507,                0.75964,                0.70751,                0.75393,                0.60477,                0.79505,                0.80493,                 1.3342,              0.0066736,              0.0066736,              0.0066736
                    171,                0.48934,                0.40818,                 1.0365,                0.75776,                0.71195,                0.75898,                0.60773,                0.80462,                0.79338,                 1.3429,              0.0066538,              0.0066538,              0.0066538
                    172,                0.48318,                0.41002,                 1.0342,                0.73029,                0.72241,                0.75613,                0.60506,                0.80412,                0.79712,                 1.3398,               0.006634,               0.006634,               0.006634
                    173,                0.48308,                0.40463,                 1.0401,                 0.8002,                0.69304,                0.76272,                0.60598,                0.79535,                0.79904,                  1.338,              0.0066142,              0.0066142,              0.0066142
                    174,                0.49074,                0.41668,                 1.0392,                0.75693,                0.73154,                0.76656,                0.60923,                0.78679,                0.80242,                 1.3365,              0.0065944,              0.0065944,              0.0065944
                    175,                0.47515,                 0.4013,                 1.0301,                0.77412,                0.72633,                0.76985,                 0.6125,                0.78669,                0.79672,                 1.3373,              0.0065746,              0.0065746,              0.0065746
                    176,                0.48044,                0.40756,                 1.0378,                0.80296,                 0.7023,                0.77224,                0.61233,                0.79368,                0.78896,                 1.3374,              0.0065548,              0.0065548,              0.0065548
                    177,                  0.483,                0.41245,                  1.027,                0.77997,                0.72477,                0.77159,                0.61488,                0.78979,                0.77275,                 1.3294,               0.006535,               0.006535,               0.006535
                    178,                0.47881,                0.40661,                 1.0236,                  0.789,                0.72167,                 0.7743,                0.61571,                0.79041,                0.77821,                 1.3279,              0.0065152,              0.0065152,              0.0065152
                    179,                0.48595,                0.40749,                 1.0423,                0.78727,                0.70993,                0.76894,                0.61213,                0.79181,                0.78926,                 1.3277,              0.0064954,              0.0064954,              0.0064954
                    180,                0.46909,                0.40314,                 1.0202,                0.74486,                0.75053,                 0.7693,                0.61124,                0.79175,                0.78114,                 1.3285,              0.0064756,              0.0064756,              0.0064756
                    181,                0.47501,                0.39419,                 1.0281,                0.81261,                0.69809,                0.76994,                0.60969,                0.79847,                0.77594,                 1.3371,              0.0064558,              0.0064558,              0.0064558
                    182,                0.47442,                0.39668,                 1.0216,                0.79085,                0.70539,                0.76619,                0.60643,                0.80175,                0.77934,                  1.343,               0.006436,               0.006436,               0.006436
                    183,                 0.4631,                0.38904,                  1.019,                0.81657,                0.68674,                0.76738,                0.60834,                0.79804,                0.78782,                 1.3388,              0.0064162,              0.0064162,              0.0064162
                    184,                0.47466,                0.39631,                 1.0267,                0.79923,                0.70577,                0.76567,                 0.6072,                0.79771,                0.79213,                 1.3402,              0.0063964,              0.0063964,              0.0063964
                    185,                0.46488,                0.38894,                 1.0183,                0.76914,                0.73139,                 0.7638,                0.60572,                0.79267,                0.79419,                 1.3343,              0.0063766,              0.0063766,              0.0063766
                    186,                0.46553,                0.38822,                 1.0185,                0.76495,                0.73361,                0.76444,                0.60636,                0.79189,                0.79484,                 1.3327,              0.0063568,              0.0063568,              0.0063568
                    187,                0.47306,                0.39295,                 1.0252,                0.77851,                0.73155,                0.76787,                0.60958,                0.79426,                0.78909,                 1.3383,               0.006337,               0.006337,               0.006337
                    188,                0.46793,                0.39307,                 1.0157,                 0.7681,                0.73613,                0.76669,                0.60681,                0.79291,                0.78426,                 1.3322,              0.0063172,              0.0063172,              0.0063172
